{"cameraMode":{"drawMode":0,"name":"Shaded","section":"Shading Mode"},"sceneLighting":true,"audioPlay":false,"sceneViewState":{"m_AlwaysRefresh":false,"showFog":true,"showSkybox":true,"showFlares":true,"showImageEffects":true,"showParticleSystems":true,"showVisualEffectGraphs":true,"m_FxEnabled":true},"in2DMode":false,"pivot":{"x":-0.26576852798461916,"y":3.4539923667907717,"z":0.2030470371246338},"rotation":{"x":-0.1728142946958542,"y":0.4928695559501648,"z":-0.10058140754699707,"w":-0.8468220829963684},"size":14.930227279663086,"orthographic":false}